Workbook

Sheet CVSS3 Vector calculation
A1: Reference Table
A2: Metrics | B2: Name | C2: Value
A3: Base | B3: AV (access vector) | C3: Local (L) | D3: Adjacent Network (A) | E3: Network (N)
B4: AC (access complexity) | C4: High (H) | D4: Medium (M) | E4: Low (L)
B5: PR (privileges required) | C5: High (H) | D5: Low (L) | E5: None (N)
B6: UI (user interaction) | C6: Required (R) | D6: None (N)
A7: Scope | B7: S (scope) | C7: Unchanged (U) | D7: Changed (C)
A8: Impact | B8: C (confidentiality) | C8: None (N) | D8: Low (L) | E8: High (H)
B9: I (integrity) | C9: None (N) | D9: Low (L) | E9: High (H)
B10: A (availability) | C10: None (N) | D10: Low (L) | E10: High (H)
A13: Fill in "CVSS Vector field" and "CVEID" field
B14: CVSS Vector | C14: CVSS:3.1/AV:N/AC:H/PR:N/UI:N/S:U/C:N/I:N/A:L
B15: Name | C15: Value | D15: Graph value
B16: AV | C16: =MID($C$14,13,1) -> N | D16: =VLOOKUP(C16,Lookup!B2:C4,2,FALSE) -> 3
B17: AC | C17: =MID($C$14,18,1) -> H | D17: =VLOOKUP(C17,Lookup!B5:C7,2,FALSE) -> 1
B18: PR | C18: =MID($C$14,23,1) -> N | D18: =VLOOKUP(C18,Lookup!B8:C10,2,FALSE) -> 3
B19: UI | C19: =MID($C$14,28,1) -> N | D19: =VLOOKUP(C19,Lookup!B11:C12,2,FALSE) -> 3
B20: S | C20: =MID($C$14,32,1) -> U | D20: =VLOOKUP(C20,Lookup!B13:C14,2,FALSE) -> 1
B21: C | C21: =MID($C$14,36,1) -> N | D21: =VLOOKUP(C21,Lookup!B15:C17,2,FALSE) -> 1
B22: I | C22: =MID($C$14,40,1) -> N | D22: =VLOOKUP(C22,Lookup!B18:C20,2,FALSE) -> 1
B23: A | C23: =MID($C$14,44,1) -> L | D23: =VLOOKUP(C23,Lookup!B21:C23,2,FALSE) -> 2
B24: CVEID | C24: CVE-2026-22018
A27: Generated graph (screenshot and add to presentation)

Sheet CVSS4 Vector calculation
A1: Reference Table
A2: Metrics | B2: Name | C2: Value
A3: Base | B3: AV (Attack Vector) | C3: Physical (P), Local (L), Adjacent (A), Network (N)
B4: AC (Attack Complexity) | C4: High (H), Low (L)
B5: AT (Attack Requirements) | C5: Present (P), None (N)
B6: PR (Privileges Required) | C6: High (H), Low (L), None (N)
B7: UI (User Interaction) | C7: Active (A), Passive (P), None (N)
A8: Impact | B8: VC (Vulnerable System Confidentiality Impact) | C8: None (N), Low (L), High (H)
B9: VI (Vulnerable System Integrity Impact) | C9: None (N), Low (L), High (H)
B10: VA (Vulnerable System Availability Impact) | C10: None (N), Low (L), High (H)
A11: Subsequent Impact | B11: SC (Subsequent System Confidentiality Impact) | C11: None (N), Low (L), High (H)
B12: SI (Subsequent System Integrity Impact) | C12: None (N), Low (L), High (H)
B13: SA (Subsequent System Availability Impact) | C13: None (N), Low (L), High (H)
A15: Fill in "CVSS Vector field" and "CVEID" field
B16: CVSS Vector | C16: CVSS:4.0/AV:N/AC:L/AT:N/PR:N/UI:N/VC:N/VI:N/VA:H/SC:N/SI:N/SA:N
B17: Name | C17: Value | D17: Graph value
B18: AV | C18: =MID($C$16,13,1) -> N | D18: =VLOOKUP(C18,Lookup!B26:C29,2,FALSE) -> 4
B19: AC | C19: =MID($C$16,18,1) -> L | D19: =VLOOKUP(C19,Lookup!B30:C31,2,FALSE) -> 4
B20: AT | C20: =MID($C$16,23,1) -> N | D20: =VLOOKUP(C20,Lookup!B32:C33,2,FALSE) -> 4
B21: PR | C21: =MID($C$16,28,1) -> N | D21: =VLOOKUP(C21,Lookup!B34:C36,2,FALSE) -> 4
B22: UI | C22: =MID($C$16,33,1) -> N | D22: =VLOOKUP(C22,Lookup!B37:C39,2,FALSE) -> 4
B23: VC | C23: =MID($C$16,38,1) -> N | D23: =VLOOKUP(C23,Lookup!B40:C42,2,FALSE) -> 1
B24: VI | C24: =MID($C$16,43,1) -> N | D24: =VLOOKUP(C24,Lookup!B43:C45,2,FALSE) -> 1
B25: VA | C25: =MID($C$16,48,1) -> H | D25: =VLOOKUP(C25,Lookup!B46:C48,2,FALSE) -> 4
B26: SC | C26: =MID($C$16,53,1) -> N | D26: =VLOOKUP(C26,Lookup!B49:C51,2,FALSE) -> 1
B27: SI | C27: =MID($C$16,58,1) -> N | D27: =VLOOKUP(C27,Lookup!B52:C54,2,FALSE) -> 1
B28: SA | C28: =MID($C$16,63,1) -> N | D28: =VLOOKUP(C28,Lookup!B55:C57,2,FALSE) -> 1
B29: E | C29: =MID($C$16,67,1) | D29: =VLOOKUP(C29,Lookup!B58:C62,2,FALSE) -> #N/A
B30: CVEID | C30: CVE-2026-3505
A33: Generated graph (screenshot and add to presentation)

Sheet Lookup
A1: Vector Name | B1: Vector value | C1: Display value | D1: CVSS 3
A2: AV | B2: L | C2: 1
A3: AV | B3: A | C3: 2
A4: AV | B4: N | C4: 3
A5: AC | B5: H | C5: 1
A6: AC | B6: M | C6: 2
A7: AC | B7: L | C7: 3
A8: PR | B8: H | C8: 1
A9: PR | B9: L | C9: 2
A10: PR | B10: N | C10: 3
A11: UI | B11: R | C11: 1
A12: UI | B12: N | C12: 3
A13: S | B13: U | C13: 1
... A23: A | B23: H | C23: 3
A25: Vector Name | B25: Vector Value | C25: Display Value | D25: CVSS 4
A26: AV | B26: N | C26: 4
A27: AV | B27: A | C27: 3
A28: AV | B28: L | C28: 2
A29: AV | B29: P | C29: 1
A30: AC | B30: L | C30: 4
A31: AC | B31: H | C31: 2
A32: AT | B32: N | C32: 4
A33: AT | B33: P | C33: 2
A34: PR | B34: N | C34: 4
A35: PR | B35: L | C35: 2
A36: PR | B36: H | C36: 1
A37: UI | B37: N | C37: 4
... A62: E | B62: X | C62: 0
